"dataset","n","p","subset","implementation","elapsed","user","system","silhouette","knn_preservation","status","error"
"iris",150,4,NA,"rtsne",0.0470000000000002,0.0430000000000001,0.001,0.26980540798621,0.196190476190476,"ok",""
"iris",150,4,NA,"fastknnumap_sgd",0.213,0.211,0.001,0.511305717073125,0.705238095238095,"ok",""
"iris",150,4,NA,"umap",0.81,0.644,0.029,0.523707978368057,0.742380952380952,"ok",""
"fashion_mnist",500,30,500,"rtsne",0.171999999999999,0.170999999999999,0,-0.461975290651588,0.0522857142857143,"ok",""
"fashion_mnist",500,30,500,"fastknnumap_sgd",0.654,0.653,0,0.133939302675479,0.493285714285714,"ok",""
"fashion_mnist",500,30,500,"umap",0.901,0.891,0.006,0.196807314193261,0.526571428571429,"ok",""
